Run 1:Time(s),Run 1:Position(m),Run 1:Velocity(m/s),Run 1:Acceleration(m/s^2),Run 2:Time(s),Run 2:Position(m),Run 2:Velocity(m/s),Run 2:Acceleration(m/s^2),Run 3:Time(s),Run 3:Position(m),Run 3:Velocity(m/s),Run 3:Acceleration(m/s^2),Run 4:Time(s),Run 4:Position(m),Run 4:Velocity(m/s),Run 4:Acceleration(m/s^2),Run 5:Time(s),Run 5:Position(m),Run 5:Velocity(m/s),Run 5:Acceleration(m/s^2)
0,0.16875600000000002,0.058309999999999473,-0.42404962962962145,0,0.16807,0.054498888888888465,-0.89912580246912854,0,0.170128,0.024009999999999806,0.33813024691358712,0,0.17630200000000001,-0.037348888888888931,-1.0228598765432151,0,0.17150000000000001,-0.0068599999999998905,0.0081303703703630419
0.024999999999999998,0.1706425,0.047829444444444154,-0.34865314814813991,0.024999999999999998,0.16995649999999998,0.030393611111110875,-0.76632975308641249,0.024999999999999998,0.17029949999999999,0.038015833333333325,0.041075308641980619,0.024999999999999998,0.17681650000000002,-0.082986944444444613,-0.075375308641979874,0.024999999999999998,0.17132850000000002,-0.0068600000000001377,0.027757592592588587
0.049999999999999996,0.17081399999999999,0.046533666666666675,-0.38758999999999383,0.049999999999999996,0.16995649999999998,0.0090323333333332898,-0.50071648148147485,0.049999999999999996,0.1723575,0.036015000000000165,-0.34382574074073885,0.049999999999999996,0.17047100000000001,-0.064598333333333646,0.93746981481481184,0.049999999999999996,0.171157,-0.0064026666666668341,0.067964814814814631
0.074999999999999997,0.17321500000000001,0.03677722222222235,-0.67685333333333253,0.074999999999999997,0.16995649999999998,0.0032394444444445235,-0.17152117283950011,0.074999999999999997,0.17270050000000001,0.014101111111111245,-0.49533858024691652,0.074999999999999997,0.1723575,-0.005145000000000381,0.91816018518518627,0.074999999999999997,0.17098550000000001,-0.0045733333333334665,0.13199148148148412
0.099999999999999992,0.17321500000000001,0.006669444444444437,-0.71682765432099049,0.099999999999999992,0.16995649999999998,0.0041922222222225292,0.031187592592596042,0.099999999999999992,0.17270050000000001,0.0030488888888888545,-0.34882253086420284,0.099999999999999992,0.17201449999999999,-0.0049544444444446821,0.43245524691358511,0.099999999999999992,0.17081399999999999,0.0009527777777777899,0.15451938271605284
0.12499999999999999,0.17321500000000001,-0.0097183333333335075,-0.34748864197530865,0.12499999999999999,0.170128,0.0083844444444448104,0.084818395061725838,0.12499999999999999,0.17270050000000001,-0.0020961111111113726,-0.21511604938271853,0.12499999999999999,0.17201449999999999,0.00095277777777766706,0.41350555555556262,0.12499999999999999,0.17098550000000001,0.0074316666666668363,0.023417160493826843
0.14999999999999999,0.17252899999999999,-0.016387777777777762,0.2250672839506194,0.14999999999999999,0.17047100000000001,0.0097183333333334156,0.067329629629624979,0.14999999999999999,0.17252899999999999,-0.0047638888888891359,-0.15477345679011989,0.14999999999999999,0.17218599999999998,0.00038111111111124629,0.8420438271605013,0.14999999999999999,0.17150000000000001,0.0028583333333332774,-0.13698827160494073
0.17499999999999999,0.17150000000000001,0.0099088888888889635,0.49777345679012353,0.17499999999999999,0.1706425,0.010099444444444354,0.082574074074075049,0.17499999999999999,0.17252899999999999,-0.0078127777777777744,-0.1367765432098704,0.17499999999999999,0.17029949999999999,0.056404444444444833,0.76455123456790464,0.17499999999999999,0.171157,-0.0036205555555556459,-0.15032716049382738
0.19999999999999998,0.1733865,0.021913888888888806,0.39402654320987712,0.19999999999999998,0.17081399999999999,0.01505388888888907,0.045098148148153022,0.19999999999999998,0.17252899999999999,-0.021532777777777529,0.20495308641975507,0.19999999999999998,0.175959,0.074888333333333681,-0.55557530864197802,0.19999999999999998,0.171157,-0.0053355555555555266,-0.11263950617284017
0.22499999999999998,0.1733865,0.016959444444444489,0.77598456790123704,0.22499999999999998,0.17150000000000001,0.015816111111111499,-0.1071345679012341,0.22499999999999998,0.17047100000000001,1.2287624621502383e-16,0.55832777777777487,0.22499999999999998,0.17630200000000001,0.014101111111111245,-1.3484981481481524,0.22499999999999998,0.17098550000000001,-0.0095277777777778416,-0.028795061728397908
0.24999999999999997,0.173901,0.029917222222222428,2.040214814814814,0.24999999999999997,0.17184300000000002,0.0081938888888891115,-0.21024629629630176,0.24999999999999997,0.1723575,0.024581666666666568,0.2307839506172826,0.24999999999999997,0.175959,-0.026868333333333241,-0.88417777777778095,0.24999999999999997,0.1706425,-0.00971833333333357,0.14757469135802384
0.27499999999999997,0.17184300000000002,0.1425355555555555,2.28857222222222,0.27499999999999997,0.17184300000000002,0.0020961111111111263,-0.20812901234568659,0.27499999999999997,0.1723575,0.024009999999999979,-0.51195925925925645,0.27499999999999997,0.17407250000000002,-0.03658666666666658,-0.042557407407411783,0.27499999999999997,0.17029949999999999,-0.0030488888888890058,0.31187592592592756
0.29999999999999999,0.18213299999999999,0.2120883333333333,0.044251234567903301,0.29999999999999999,0.17184300000000002,-0.00095277777777794429,-0.25047469135803263,0.29999999999999999,0.17458699999999999,-0.012767222222222025,-0.81007283950617148,0.29999999999999999,0.17355800000000002,-0.018483888888889102,0.49417407407407166,0.29999999999999999,0.170128,0.014672777777777637,0.15921975308642355
0.32499999999999996,0.18607750000000001,0.14539388888888918,-2.3412925925925951,0.32499999999999996,0.17184300000000002,-0.0076222222222227841,-0.35189259259259414,0.32499999999999996,0.17150000000000001,-0.042493888888888699,-0.15794938271605372,0.32499999999999996,0.1733865,-0.0030488888888890709,0.62417530864197879,0.32499999999999996,0.17167149999999998,0.010861666666666783,-0.21194012345678639
0.34999999999999998,0.18950750000000002,0.056785555555555485,-3.2462197530864274,0.34999999999999998,0.17167149999999998,-0.019627222222222535,-0.361208641975302,0.34999999999999998,0.17098550000000001,-0.018674444444444622,0.45754506172839021,0.34999999999999998,0.1733865,0.012576666666666819,0.61443580246913843,0.34999999999999998,0.17098550000000001,-0.0053355555555553722,-0.28223395061728523
0.37499999999999994,0.189336,-0.049544444444444863,-2.621409259259261,0.37499999999999994,0.171157,-0.038682777777777684,0.070929012345682954,0.37499999999999994,0.17081399999999999,-0.00076222222222239956,0.38703950617283861,0.37499999999999994,0.17355800000000002,0.038682777777777899,0.17319382716048962,0.37499999999999994,0.17081399999999999,-0.0045733333333333711,-0.26190802469136082
0.39999999999999997,0.18590599999999999,-0.10328111111111134,-0.77302037037036309,0.39999999999999997,0.1685845,-0.018102777777777815,0.55197592592592393,0.39999999999999997,0.171157,0.0099088888888887328,-0.070505555555554655,0.39999999999999997,0.17630200000000001,0.029536111111110857,-0.54604753086420177,0.39999999999999997,0.171157,-0.015816111111111118,-0.25682654320987836
0.42499999999999999,0.18230449999999998,-0.078508888888888698,0.60046172839506828,0.42499999999999999,0.170128,0.0080033333333331368,0.36713703703703637,0.42499999999999999,0.17201449999999999,-0.0078127777777778976,-0.39741419753086227,0.42499999999999999,0.17561599999999999,-0.0032394444444446822,-0.73745000000000005,0.42499999999999999,0.170128,-0.026677777777778033,0.053567283950619916
0.44999999999999996,0.18127550000000001,-0.034871666666666315,0.51534691358024365,0.44999999999999996,0.16995649999999998,0.0022866666666664873,0.058860493827164552,0.44999999999999996,0.17081399999999999,-0.025724999999999967,-0.12513148148148109,0.44999999999999996,0.1754445,-0.014672777777777974,-0.57611296296296022,0.44999999999999996,0.16909899999999997,-0.014101111111110938,0.37031296296296817
0.47499999999999998,0.18110400000000001,-0.014672777777777873,-0.62290493827161486,0.47499999999999998,0.16995649999999998,0.0032394444444446163,-0.022443209876539954,0.47499999999999998,0.170128,-0.021342222222222419,0.4001666666666685,0.47499999999999998,0.17527299999999998,-0.035443333333333445,-0.21935061728394492,0.47499999999999998,0.16927050000000002,0.0049544444444447428,0.28731543209876315
0.49999999999999994,0.18522,-0.12309888888888931,0.089772839506166657,0.49999999999999994,0.170128,0.0015244444444446144,-0.074528395061732186,0.49999999999999994,0.16909899999999997,0.0060977777777777784,0.48909259259259952,0.49999999999999994,0.17304349999999999,-0.030869999999999786,0.29387901234568309,0.49999999999999994,0.170128,-0.0011433333333334015,0.41329382716048801
0.52499999999999991,0.17081399999999999,-0.10080388888888923,3.4585833333333347,0.52499999999999991,0.170128,-0.0017150000000001888,-0.054202469135807348,0.52499999999999991,0.17081399999999999,0.019817777777778173,-0.0006351851851832494,0.52499999999999991,0.17321500000000001,-0.0087655555555553478,0.36480802469135537,0.52499999999999991,0.16892750000000001,-2.1597307275911248e-16,2.0313222222222205
0.54999999999999993,0.17167149999999998,0.19703444444444407,1.7874111111111164,0.54999999999999993,0.16995649999999998,-0.0022866666666669162,0.0002117283950619509,0.54999999999999993,0.17098550000000001,0.00076222222222233646,-0.15202098765432395,0.54999999999999993,0.17321500000000001,-0.0055261111111112237,0.16768888888888578,0.54999999999999993,0.16995649999999998,0.046114444444444319,6.2726654320987656
0.57499999999999996,0.19293749999999998,0.081748333333333312,-3.1187592592592455,0.57499999999999996,0.16995649999999998,-0.00076222222222230556,0.025195679012348402,0.57499999999999996,0.17081399999999999,-0.017531111111111112,1.2665592592592578,0.57499999999999996,0.17304349999999999,-0.0062883333333333714,0.14143456790123488,0.57499999999999996,0.1696135,0.20923000000000003,14.091583333333327
0.59999999999999998,0.17698799999999998,-0.092609999999999568,-3.5314179012345597,0.59999999999999998,0.16995649999999998,-0.0001905555555555765,0.019267283950619319,0.59999999999999998,0.1696135,0.010290000000000183,5.2802944444444408,0.59999999999999998,0.17270050000000001,-0.0019055555555555174,0.24962777777777756,0.59999999999999998,0.1696135,0.77594222222222198,20.408923456790131
0.625,0.1840195,-0.14043944444444395,-1.8515648148148196,0.625,0.16995649999999998,0,0.019267283950618858,0.625,0.16927050000000002,0.16540222222222212,12.301208024691363,0.625,0.172872,0.0062883333333332266,0.3817462962962978,0.625,0.20614299999999999,1.4360266666666679,18.878762345679043
0.64999999999999991,0.17132850000000002,-0.20427555555555546,0.91784259259258594,0.64999999999999991,0.16995649999999998,0.0001905555555555765,0.047003703703706025,0.64999999999999991,0.17029949999999999,0.62349777777777782,18.943339506172851,0.64999999999999991,0.17304349999999999,0.018674444444444594,0.34024753086419873,0.64999999999999991,0.2498755,1.8047516666666681,13.565014814814814
0.67499999999999993,0.16875600000000002,-0.075460000000000013,2.7844401234567822,0.67499999999999993,0.16995649999999998,0.0013338888888889747,0.11348641975309028,0.67499999999999993,0.19602449999999999,1.2574761111111104,19.859064814814811,0.67499999999999993,0.17355800000000002,0.030107777777777747,-0.054202469135803601,0.67499999999999993,0.29875299999999999,2.0509494444444445,9.9645734567901112
0.69999999999999996,0.16875600000000002,0.0072411111111108581,2.0203123456790095,0.69999999999999996,0.16995649999999998,0.0053355555555558336,0.18589753086420061,0.69999999999999996,0.23804199999999998,1.7279577777777775,16.063198148148171,0.69999999999999996,0.17424399999999998,0.043637222222222195,-1.2674061728395041,0.69999999999999996,0.35260400000000003,2.2525572222222223,8.4979308641975404
0.72499999999999998,0.171157,0.023438333333333103,1.5979141975308682,0.72499999999999998,0.170128,0.012957777777778101,0.14185802469135764,0.72499999999999998,0.28589049999999999,2.0498061111111125,12.047769135802492,0.72499999999999998,0.17904600000000001,-0.051068888888888671,-1.7340555555555595,0.72499999999999998,0.41142850000000003,2.4535933333333348,8.3052580246913692
0.74999999999999989,0.17081399999999999,0.018102777777777843,4.2273691358024754,0.74999999999999989,0.1706425,0.01676888888888908,-0.067964814814817573,0.74999999999999989,0.34179949999999998,2.2900966666666682,9.5328592592592365,0.74999999999999989,0.17047100000000001,-0.1032811111111112,-0.089137654320992854,0.74999999999999989,0.47505500000000001,2.6611083333333347,8.5085172839505905
0.77499999999999991,0.17047100000000001,0.12062166666666695,11.263315432098757,0.77499999999999991,0.171157,0.01295777777777799,-0.36967777777778305,0.77499999999999991,0.40113850000000001,2.4915138888888881,8.6834049382715595,0.77499999999999991,0.17047100000000001,-0.037920555555555784,1.0944240740740705,0.77499999999999991,0.54382649999999999,2.8912994444444435,8.3478154320987219
0.79999999999999993,0.16875600000000002,0.54784722222222193,19.185345061728377,0.79999999999999993,0.17184300000000002,-0.0099088888888889514,-0.36120864197531621,0.79999999999999993,0.46596549999999998,2.7051266666666645,8.750099382716046,0.79999999999999993,0.17029949999999999,-0.015625555555555785,1.1793271604938267,0.79999999999999993,0.62082999999999999,3.0814738888888868,7.9300753086419737
0.82499999999999996,0.19122250000000002,1.2327038888888879,21.178767901234572,0.82499999999999996,0.170128,-0.014101111111111481,-0.019479012345682258,0.82499999999999996,0.53610899999999995,2.9301727777777766,8.5557327160494427,0.82499999999999996,0.1696135,0.0093372222222220195,1.6970030864197554,0.82499999999999996,0.69749050000000001,3.2825099999999989,7.1308006172840033
0.84999999999999998,0.23564099999999999,1.7487283333333341,17.35093024691362,0.84999999999999998,0.17081399999999999,-0.0060977777777780811,0.1757345679012392,0.84999999999999998,0.61225499999999999,3.1666522222222251,6.2106290123457377,0.84999999999999998,0.16995649999999998,0.058500555555555452,3.2591351851851917,0.84999999999999998,0.78461250000000005,3.4955511111111139,2.6626962962963381
0.87499999999999989,0.28297499999999998,2.0896322222222241,13.119326543209878,0.87499999999999989,0.16995649999999998,-3.0574501264091225e-17,0.19584876543210661,0.87499999999999989,0.69440349999999995,3.3472988888888922,-1.0954827160494021,0.87499999999999989,0.17424399999999998,0.099660555555555752,8.0378450617284045,0.87499999999999989,0.87310650000000001,3.56643777777778,-8.7500993827160851
0.89999999999999991,0.34077050000000003,2.3640322222222223,10.296987037037004,0.89999999999999991,0.17081399999999999,0.0038111111111113114,0.34850493827161078,0.89999999999999991,0.78255450000000004,3.2691711111111115,-12.459580864197569,0.89999999999999991,0.1706425,0.34414333333333352,16.744963580246907,0.89999999999999991,0.9674315,3.3267188888888879,-28.858156790123477
0.92499999999999993,0.40251050000000005,2.5755488888888873,8.9484888888888943,0.92499999999999993,0.17029949999999999,0.0030488888888892504,1.5153401234567898,0.92499999999999993,0.87670800000000004,2.6348116666666659,-19.53850802469135,0.92499999999999993,0.180418,1.0030844444444442,22.63101296296297,0.92499999999999993,1.069474,1.9966411111111111,-42.563547530864184
0.94999999999999996,0.46939549999999997,2.788971111111112,8.6313197530864638,0.94999999999999996,0.17132850000000002,0.025725000000000154,5.018809876543207,0.94999999999999996,0.92404200000000003,1.6826055555555561,-8.1585302469135588,0.94999999999999996,0.22140650000000001,1.6664083333333346,21.108050617283983,0.94999999999999996,1.0693025,0.58348111111111101,-33.07769197530866
0.97499999999999987,0.54176849999999999,3.0060138888888908,8.3306654320987832,0.97499999999999987,0.16892750000000001,0.17664499999999983,11.218217283950624,0.97499999999999987,0.90226150000000005,2.5810750000000025,-10.608016049382732,0.97499999999999987,0.26942649999999996,2.1252661111111126,16.806576543209882,0.97499999999999987,1.07016,0.17454888888888909,-15.598242592592598
0.99999999999999989,0.61962949999999994,3.2287733333333342,6.6626691358024663,0.99999999999999989,0.17201449999999999,0.63054833333333338,15.878570987654321,0.99999999999999989,1.086624,2.1597566666666652,-45.062789506172855,0.99999999999999989,0.33030900000000002,2.4492105555555557,15.62110925925924,0.99999999999999989,1.07359,0.053165000000000434,-5.7414388888888892
1.0249999999999999,0.70315000000000005,3.3894116666666689,3.1041499999999673,1.0249999999999999,0.20185550000000002,1.0743522222222228,16.785403703703693,1.0249999999999999,1.0665585,-0.18350499999999967,-56.567898765432119,1.0249999999999999,0.39393549999999999,2.6820694444444455,26.152903086419709,1.0249999999999999,1.07359,0.016006666666666818,-1.7418895061728434
1.0499999999999998,0.79215849999999999,3.4618227777777761,-3.5085512345679404,1.0499999999999998,0.2289525,1.4428866666666658,17.675086419753047,1.0499999999999998,1.0727325000000001,-2.1174533333333314,-15.492378395061722,1.0499999999999998,0.46270699999999998,3.3878872222222198,47.523285185185081,1.0499999999999998,1.07359,0.0030488888888889742,-0.56213888888889019
1.075,0.88768400000000003,3.1028161111111103,-8.1288882716049482,1.075,0.268569,1.962912777777776,17.576632716049364,1.075,0.89574450000000005,-1.6403022222222219,47.6316901234567,1.075,0.54022499999999996,4.8864161111111075,63.907463580246777,1.075,1.07359,-0.0024772222222220917,-0.15604382716049484
1.0999999999999999,0.92935850000000009,3.1948544444444433,-18.018086419753097,1.0999999999999999,0.32687899999999998,2.4627399999999984,12.6833777777778,1.0999999999999999,0.90346199999999999,1.9305183333333307,50.459746296296238,1.0999999999999999,0.63129150000000001,8.4724811111111027,8.9059314814814954,1.0999999999999999,1.0734185000000001,-0.0020961111111110005,0.025619135802465887
1.125,1.0674160000000001,2.5294344444444419,-37.672198148148141,1.125,0.40251050000000005,2.5906027777777774,7.990417901234629,1.125,1.0833655,2.4368244444444436,-4.9497864197530577,1.125,1.0989719999999998,6.9872911111111096,-100.37513888888874,1.125,1.0734185000000001,0.00076222222222218326,0.090408024691353117
1.1499999999999999,1.0845659999999999,0.89542055555555355,-42.708793209876596,1.1499999999999999,0.45533249999999997,2.7220861111111154,8.1225364197530894,1.1499999999999999,1.0833655,0.73554444444444378,-31.439972839506243,1.1499999999999999,1.0957135,1.2889177777777785,-127.24580123456813,1.1499999999999999,1.0734185000000001,0.0047638888888886528,0.051449999999997435
1.1749999999999998,1.0837085,0.032775555555555426,-31.872745679012308,1.1749999999999998,0.53370800000000007,3.0025838888888878,8.5910913580246167,1.1749999999999998,1.083537,-0.022866666666667441,-23.569181481481468,1.1749999999999998,1.091426,-1.9135588888888886,-56.78386172839506,1.1749999999999998,1.0737615,0.0047638888888886406,-0.042980864197528723
1.2,1.0837085,-0.53812888888888821,-21.091324074074016,1.2,0.60899649999999994,3.1811344444444418,8.1672111111110919,1.2,1.0833655,-0.66980277777777797,-2.4259839506172747,1.2,0.91786800000000002,-1.8977427777777771,31.272919135802386,1.2,1.0737615,0.0009527777777777281,-0.077280864197526777
1.2249999999999999,1.08388,-1.6662177777777754,9.4915722222222261,1.2249999999999999,0.6913165,3.4101822222222204,6.9283882716049767,1.2249999999999999,1.0164804999999999,0.0019055555555554553,13.496838271604934,1.2249999999999999,0.90843549999999995,1.5835166666666634,49.22113518518514,1.2249999999999999,1.0737615,-0.0013338888888888179,-0.031547530864195865
1.25,0.91718200000000005,-0.0017149999999999095,32.869139506172843,1.25,0.77981049999999996,3.6045488888888886,1.3999481481482441,1.25,1.083537,0.67113666666666683,4.7245074074074118,1.25,1.0813074999999999,2.2582738888888878,0.77047962962971506,1.25,1.07359,-0.00019055555555554549,0.0055049382716046815
1.2749999999999999,1.0837085,1.5295894444444496,3.3313345679012372,1.2749999999999999,0.87362099999999998,3.6253194444444508,-10.623895679012323,1.2749999999999999,1.083537,0.22371222222222228,-5.2284209876543413,1.2749999999999999,1.0811359999999999,0.75117000000000278,-23.813304320987665,1.2749999999999999,1.0737615,0.00095277777777773482,-0.022231481481480381
1.2999999999999998,1.0837085,0.11966888888888916,-24.190604320987671,1.2999999999999998,0.9674315,3.2786988888888899,-29.268062962962997,1.2999999999999998,1.083537,0.07450722222222235,-4.4803845679012371,1.2999999999999998,1.0807930000000001,0.18960277777778112,-16.662812962962985,1.2999999999999998,1.0737615,-0.0019055555555554553,-0.033029629629627945
1.325,1.0837085,-1.1206572222222202,-4.1776129629629919,1.325,1.0617565,2.033608888888891,-41.500670987654331,1.325,1.083537,0,-2.2608358024691388,1.325,1.0807930000000001,0.0089561111111116296,-6.7674746913580748,1.325,1.07359,-0.0022866666666665476,0.0078339506172834996
1.3499999999999999,0.96211500000000005,-0.26906444444444477,23.777310493827187,1.3499999999999999,1.0718750000000001,0.68199833333333493,-33.626915432098855,1.3499999999999999,1.083537,0,-0.60702530864197746,1.3499999999999999,1.0814790000000001,0.012004999999999653,-1.4890858024691589,1.3499999999999999,1.07359,-0.00076222222222218229,0.026254320987653013
1.3749999999999998,1.056783,1.2165066666666646,13.836874074074048,1.3749999999999998,1.0727325000000001,0.16197222222222216,-17.102361111111133,1.3749999999999998,1.083537,-0.0036205555555556112,-0.30721790123457104,1.3749999999999998,1.0816505000000001,0.005716666666666371,-0.33050802469136326,1.3749999999999998,1.07359,-0.00019055555555554549,0.017361728395060821
1.3999999999999999,1.0837085,0.676281666666665,-7.6810827160493576,1.3999999999999999,1.0727325000000001,0.01429166666666667,-6.1568500000000048,1.3999999999999999,1.083537,-0.01105222222222238,-0.27207098765432347,1.3999999999999999,1.0816505000000001,0.0022866666666665476,-0.092313580246919866,1.3999999999999999,1.07359,0,0.0069870370370366678
1.4249999999999998,1.08388,0.22485555555555525,-10.238973456790092,1.4249999999999998,1.0727325000000001,-0.0009527777777777255,-1.4194271604938298,1.4249999999999998,1.083537,-0.033347222222222687,0.2093993827160551,1.4249999999999998,1.0816505000000001,0.0020961111111107533,-0.07897469135804315,1.4249999999999998,1.07359,0,0.0012703703703703035
1.45,1.0837085,0.028202222222222212,-5.8608537037036923,1.45,1.0725610000000001,-0.00038111111111108843,-0.14334012345679423,1.45,1.0802784999999999,-0.002477222222222093,0.71288950617285274,1.45,1.0818220000000001,0.00019055555555455607,-0.10544074074076744,1.45,1.07359,0,-0.0012703703703703039
1.4749999999999999,1.0837085,-0.00057166666666663647,-1.793551234567899,1.4749999999999999,1.0725610000000001,0.0059072222222219346,0.03789938271604671,1.4749999999999999,1.0833655,0.030107777777778549,0.26063765432099101,1.4749999999999999,1.0818220000000001,-0.0060977777777804394,-0.030277160493826536,1.4749999999999999,1.07359,0,-0.007198765432098392
1.4999999999999998,1.0837085,-0.00019055555555554549,-0.38979197530864251,1.4999999999999998,1.0730755000000001,0.0047638888888886406,-0.059495679012342734,1.4999999999999998,1.0833655,0.010099444444444675,-0.22146790123457458,1.4999999999999998,1.0813074999999999,-0.0047638888888908585,0.14736296296302173,1.4999999999999998,1.07359,-0.00019055555555554549,-0.018632098765431124
1.5249999999999999,1.0837085,0,-0.25894382716049719,1.5249999999999999,1.0729040000000001,-0.00019055555555554503,-0.069446913580243297,1.5249999999999999,1.0833655,0.0034300000000000706,-0.19796604938272089,1.5249999999999999,1.0813074999999999,0.0057166666666685862,0.16451296296302062,1.5249999999999999,1.07359,-0.00076222222222218229,-0.031547530864195844
1.5499999999999998,1.0837085,-0.0078127777777778715,-0.45309876543210564,1.5499999999999998,1.0729040000000001,-0.00019055555555554495,-0.022443209876542056,1.5499999999999998,1.0833655,0,-0.097183333333335842,1.5499999999999998,1.0818220000000001,0.0087655555555580539,-0.0088925925925928476,1.5499999999999998,1.07359,-0.0024772222222220917,-0.016303086419752217
1.575,1.0837085,-0.023057222222222538,-0.50941851851852871,1.575,1.0729040000000001,-0.00019055555555554549,-0.0027524691358023312,1.575,1.0833655,0,-0.0025407407407422797,1.575,1.0819935000000001,0.0026677777777786293,-0.10417037037039689,1.575,1.0734185000000001,-0.002477222222222093,0.033664814814813038
1.5999999999999999,1.0837085,-0.068790555555556673,0.58479382716049721,1.5999999999999999,1.0729040000000001,0,0.0027524691358023277,1.5999999999999999,1.0833655,0.00057166666666663734,0.044886419753083863,1.5999999999999999,1.0818220000000001,0.00019055555555579337,-0.073258024691376558,1.5999999999999999,1.0734185000000001,-0.00038111111111109076,0.069235185185181694
1.6249999999999998,1.0766769999999999,0.004954444444444186,1.614640740740757,1.6249999999999998,1.0729040000000001,0,0.00084691358024686881,1.6249999999999998,1.0833655,0.0020961111111110044,0.07728086419752675,1.6249999999999998,1.0819935000000001,-0.0015244444444443641,-0.010162962962971497,1.6249999999999998,1.0734185000000001,0.0013338888888888211,0.082574074074069706
1.6499999999999999,1.0840514999999999,0.075269444444444916,0.45923888888889658,1.6499999999999999,1.0729040000000001,0,0.00021172839506171731,1.6499999999999999,1.0833655,0.0066694444444440927,0.02583086419752945,1.6499999999999999,1.0816505000000001,0.00038111111111109076,0.026254320987650955,1.6499999999999999,1.0734185000000001,0.0049544444444441834,0.045733333333330871
1.6749999999999998,1.0840514999999999,0.024962777777777941,-0.71543024691358337,1.6749999999999998,1.0729040000000001,0,0,1.6749999999999998,1.08388,0.0049544444444441834,-0.07706913580246498,1.6749999999999998,1.0819935000000001,0.0026677777777776371,-0.038958024691356265,1.6749999999999998,1.0737615,0.0049544444444441834,-0.03726419753086218
1.7,1.0840514999999999,0.0047638888888888844,-0.72813395061729047,1.7,1.0729040000000001,0,0,1.7,1.0837085,-0.000190555555555543,-0.076645679012341608,1.7,1.0819935000000001,-0.0020961111111110005,-0.085326543209872152,1.7,1.0737615,0.0015244444444443665,-0.065212345679008896
1.7249999999999999,1.0840514999999999,-0.010480555555555743,-0.56785555555556122,1.7249999999999999,1.0729040000000001,0,0,1.7249999999999999,1.0837085,-0.00019055555555554495,-0.023925308641974063,1.7249999999999999,1.0818220000000001,-0.0045733333333331074,-0.030912345679010782,1.7249999999999999,1.0737615,0.00038111111111109158,-0.044462962962960685
1.7499999999999998,1.0840514999999999,-0.031822777777778317,-0.12724876543208968,1.7499999999999998,1.0729040000000001,0,0,1.7499999999999998,1.0837085,-0.00019055555555554549,-0.0029641975308640519,1.7499999999999998,1.0816505000000001,-0.0034299999999998216,0.024137037037035892,1.7499999999999998,1.0737615,-0.00019055555555554549,-0.033029629629627903
1.7749999999999999,1.0809644999999999,-0.01009944444444417,0.021808024691375993,1.7749999999999999,1.0729040000000001,0,0,1.7749999999999999,1.0837085,0,0.0027524691358023173,1.7749999999999999,1.0816505000000001,-0.0017149999999999104,0.03197098765431939,1.7749999999999999,1.0737615,-0.00076222222222218229,-0.034935185185183328
1.7999999999999998,1.08388,-0.0013338888888878412,-0.65042962962962603,1.7999999999999998,1.0729040000000001,0,0,1.7999999999999998,1.0837085,0,0.00084691358024686783,1.7999999999999998,1.0816505000000001,-0.0022866666666665459,0.050391358024688776,1.7999999999999998,1.0737615,-0.0024772222222220917,-0.019690740740739697
1.825,1.0837085,-0.074697777777776822,-0.19627222222224894,1.825,1.0729040000000001,0,0,1.825,1.0837085,0,-3.3128399714834831e-19,1.825,1.0814790000000001,-0.00076222222222218066,0.10967530864196966,1.825,1.07359,-0.002477222222222093,0.019267283950616252
1.8499999999999999,1.0775345000000001,-0.057357222222223649,1.6660907407407259,1.8499999999999999,1.0729040000000001,0,0,1.8499999999999999,1.0837085,0,-0.0014820987654320219,1.8499999999999999,1.0814790000000001,0.0049544444444441981,0.10141790123456285,1.8499999999999999,1.07359,-0.00076222222222218229,0.03197098765431939
1.8749999999999998,1.0777059999999998,0.062121111111110051,1.6425888888889133,1.8749999999999998,1.0729040000000001,0,0,1.8749999999999998,1.0837085,0,-0.0071987654320983946,1.8749999999999998,1.0818220000000001,0.0070505555555551878,0.0025407407407404964,1.8749999999999998,1.07359,-0.00019055555555554579,0.018632098765431131
1.8999999999999999,1.0837085,0.079080555555556611,-0.26847160493824196,1.8999999999999999,1.0729040000000001,0,0,1.8999999999999999,1.0837085,-0.00019055555555554579,-0.018632098765431131,1.8999999999999999,1.0819935000000001,0.0038111111111109141,-0.052296913580244242,1.8999999999999999,1.07359,0,0.0069870370370366764
1.9249999999999998,1.08388,0.016768888888889739,-1.1702228395061642,1.9249999999999998,1.0729040000000001,0,-0.00021172839506171769,1.9249999999999998,1.0837085,-0.00076222222222218229,-0.03197098765431939,1.9249999999999998,1.0819935000000001,0.00095277777777772138,0.0074104938271601084,1.9249999999999998,1.07359,0,0
1.9499999999999997,1.0837085,-0.025343888888887056,-0.43637222222223643,1.9499999999999997,1.0729040000000001,0,-0.0012703703703703061,1.9499999999999997,1.0837085,-0.002477222222222093,-0.019267283950616252,1.9499999999999997,1.0818220000000001,0.0051449999999997314,0.037052469135800507,1.9499999999999997,1.07359,0,-0.006987037037036673
1.9749999999999999,1.0807930000000001,-0.004192222222222001,0.42917345679008373,1.9749999999999999,1.0729040000000001,0,-0.0052932098765432175,1.9749999999999999,1.083537,-0.0024772222222220917,0.019267283950616262,1.9749999999999999,1.0823365,0.0064788888888885473,-0.054625925925923031,1.9749999999999999,1.07359,-0.00019055555555554579,-0.018632098765431121
1.9999999999999998,1.0833655,0.02820222222222073,0.2159629629629477,1.9999999999999998,1.0729040000000001,-0.00019055555555554579,-0.008469135802470636,1.9999999999999998,1.083537,-0.00076222222222218229,0.031970987654319279,1.9999999999999998,1.0823365,0.0013338888888888188,-0.1111574074074015,1.9999999999999998,1.07359,-0.00076222222222218229,-0.031970987654319313
2.0249999999999999,1.0837085,0.010671111111110569,-0.24962777777776654,2.0249999999999999,1.0729040000000001,-0.00057166666666663777,0.0010586419752991912,2.0249999999999999,1.083537,-0.00019055555555554579,0.018632098765431124,2.0249999999999999,1.0823365,-0.0019055555555554558,-0.068176543209873042,2.0249999999999999,1.07359,-0.002477222222222093,-0.019267283950616339
2.0499999999999998,1.083537,0.0017149999999999035,-0.31314629629628793,2.0499999999999998,1.0729040000000001,-0.0013338888888890729,0.049967901234541166,2.0499999999999998,1.083537,0,0.0071987654320983972,2.0499999999999998,1.082165,-0.0024772222222221004,-0.00084691358024682403,2.0499999999999998,1.0734185000000001,-0.0024772222222221004,0.01969074074073978
2.0749999999999997,1.083537,-0.003811111111111157,-0.3425765432098733,2.0749999999999997,1.0727325000000001,0.0015244444444433771,0.10247654320982984,2.0749999999999997,1.083537,0,0.0014820987654320203,2.0749999999999997,1.082165,-0.00076222222222218196,0.027736419753085117,2.0749999999999997,1.0734185000000001,-0.00076222222222218196,0.034935185185183508
2.0999999999999996,1.083537,-0.012767222222222284,-0.34744629629629281,2.0999999999999996,1.0729040000000001,0.0066694444444408635,0.05123827160491029,2.0999999999999996,1.083537,0,0.00063518518518515174,2.0999999999999996,1.082165,-0.00019055555555554579,0.017996913580245948,2.0999999999999996,1.0734185000000001,-0.00019055555555554579,0.033029629629627882
2.125,1.0833655,-0.032775555555555932,0.039169753086432106,2.125,1.0732469999999998,0.0055261111111075982,-0.051873456790095279,2.125,1.083537,0,0.0029641975308640398,2.125,1.082165,0,0.0071987654320983877,2.125,1.0734185000000001,0.00038111111111109158,0.044462962962960616
2.1499999999999999,1.0809644999999999,-0.019436666666665724,0.63539691358025641,2.1499999999999999,1.0732469999999998,0.0017149999999989233,-0.0753753086419299,2.1499999999999999,1.083537,0,0.014397530864196761,2.1499999999999999,1.082165,0,0.0014820987654320212,2.1499999999999999,1.0734185000000001,0.0015244444444443646,0.065424074074071012
2.1749999999999998,1.0814790000000001,0.02210444444444536,0.39931975308639595,2.1749999999999998,1.0732469999999998,0.00038111111111084373,-0.04298086419750452,2.1749999999999998,1.083537,0.00038111111111109049,0.03726419753086227,2.1749999999999998,1.082165,0,0.00021172839506171704,2.1749999999999998,1.0734185000000001,0.0049544444444442025,0.03874629629629453
2.1999999999999997,1.0833655,0.01924611111110994,-0.47448333333336046,2.1999999999999997,1.0732469999999998,0,-0.01566790123455775,2.1999999999999997,1.083537,0.0015244444444443646,0.063941975308638557,2.1999999999999997,1.082165,0,-0.00021172839506171769,2.1999999999999997,1.0737615,0.0049544444444441981,-0.038746296296294558
2.2249999999999996,1.083537,-0.021913888888890357,-0.6688499999999854,2.2249999999999996,1.0732469999999998,0,-0.0031759259259238385,2.2249999999999996,1.083537,0.0049544444444441678,0.038534567901232185,2.2249999999999996,1.082165,0,-0.0014820987654320238,2.2249999999999996,1.0737615,0.0015244444444443646,-0.065424074074070582
2.25,1.0813074999999999,-0.034109444444445004,-0.12407283950612591,2.25,1.0732469999999998,0,-0.00042345679012315999,2.25,1.08388,0.0049544444444441678,-0.038534567901232185,2.25,1.082165,0,-0.0071987654320983937,2.25,1.0737615,0.00038111111111109158,-0.044462962962960616
2.2749999999999999,1.0811359999999999,-0.019627222222219735,0.22210308641977827,2.2749999999999999,1.0732469999999998,0,0,2.2749999999999999,1.08388,0.0015244444444443646,-0.064153703703700271,2.2749999999999999,1.082165,-0.00019055555555554579,-0.018632098765431176,2.2749999999999999,1.0737615,-0.00019055555555554579,-0.033029629629627986
2.2999999999999998,1.0807930000000001,-0.016006666666665382,0.30933518518516229,2.2999999999999998,1.0732469999999998,0,0.00021172839506199115,2.2999999999999998,1.08388,0.00038111111111109049,-0.038746296296294287,2.2999999999999998,1.082165,-0.00076222222222218424,-0.031970987654319459,2.2999999999999998,1.0737615,-0.00076222222222218424,-0.034935185185183508
2.3249999999999997,1.0801069999999999,-0.0043827777777775542,0.32690864197527619,2.3249999999999997,1.0732469999999998,0,0.0014820987654339407,2.3249999999999997,1.08388,0,-0.021596296296295166,2.3249999999999997,1.082165,-0.0024772222222220991,-0.019267283950616231,2.3249999999999997,1.0737615,-0.0024772222222220991,-0.019690740740739666
2.3499999999999996,1.0806215000000001,0.0036205555555548549,0.20579999999997281,2.3499999999999996,1.0732469999999998,0,0.0071987654321077092,2.3499999999999996,1.08388,-0.00019055555555554579,-0.021596296296295146,2.3499999999999996,1.0819935000000001,-0.0024772222222220839,0.019690740740739687,2.3499999999999996,1.07359,-0.0024772222222220839,0.019055555555554535
2.375,1.0804499999999999,0.006097777777775714,0.078127777777789884,2.375,1.0732469999999998,0.0001905555555557925,0.018632098765455237,2.375,1.08388,-0.00076222222222218229,-0.032394444444442713,2.375,1.0819935000000001,-0.00076222222222218229,0.034935185185183161,2.375,1.07359,-0.00076222222222218229,0.030488888888887095
2.3999999999999999,1.0809644999999999,0.006288333333334499,-0.012280246913570991,2.3999999999999999,1.0732469999999998,0.00076222222222316913,0.031970987654360891,2.3999999999999999,1.08388,-0.0024772222222220991,-0.019267283950616419,2.3999999999999999,1.0819935000000001,-0.00019055555555554579,0.033029629629627889,2.3999999999999999,1.07359,-0.00019055555555554579,0.01143333333333274
2.4249999999999998,1.0807930000000001,0.0043827777777773165,-0.054202469135833105,2.4249999999999998,1.0732469999999998,0.0024772222222253087,0.019267283950641357,2.4249999999999998,1.0837085,-0.0024772222222221012,0.019267283950616405,2.4249999999999998,1.0819935000000001,0.00038111111111109049,0.044462962962960657,2.4249999999999998,1.07359,-0.00019055555555554525,-0.011433333333332745
2.4499999999999997,1.0811359999999999,0.0040016666666642517,-0.096548148148152116,2.4499999999999997,1.0734185000000001,0.0024772222222253066,-0.019267283950641367,2.4499999999999997,1.0837085,-0.00076222222222218229,0.031970987654319501,2.4499999999999997,1.0819935000000001,0.0015244444444443646,0.065212345679008854,2.4499999999999997,1.07359,-0.00076222222222218229,-0.030488888888887251
2.4749999999999996,1.0811359999999999,-0.0011433333333340054,-0.11221604938269077,2.4749999999999996,1.0734185000000001,0.00076222222222316913,-0.031970987654360676,2.4749999999999996,1.0837085,-0.00019055555555554579,0.018632098765431111,2.4749999999999996,1.0819935000000001,0.0049544444444441678,0.037264197530861888,2.4749999999999996,1.07359,-0.0024772222222220839,-0.019055555555554379
2.5,1.0809644999999999,-0.0028583333333334223,-0.07939814814812711,2.5,1.0734185000000001,0.0001905555555557925,-0.01863209876545523,2.5,1.0837085,0,0.0069870370370366712,2.5,1.0823365,0.0049544444444441678,-0.045733333333330593,2.5,1.0734185000000001,-0.0024772222222220839,0.019267283950616092
2.5249999999999999,1.0809644999999999,-0.0036205555555553662,-0.07622222222220254,2.5249999999999999,1.0734185000000001,0,-0.0071987654321077248,2.5249999999999999,1.0837085,0,0,2.5249999999999999,1.0823365,0.0013338888888888188,-0.082574074074069748,2.5249999999999999,1.0734185000000001,-0.00076222222222218229,0.031970987654319279
2.5499999999999998,1.0809644999999999,-0.0089561111111104291,0.0091043209876776037,2.5499999999999998,1.0734185000000001,0,-0.0014820987654339411,2.5499999999999998,1.0837085,0,-0.0069870370370366738,2.5499999999999998,1.0823365,-0.0003811111111110938,-0.069235185185181722,2.5499999999999998,1.0734185000000001,-0.00019055555555554525,0.018632098765431135
2.5749999999999997,1.0802784999999999,-0.0059072222222209475,0.17150000000002577,2.5749999999999997,1.0734185000000001,0,-0.0002117283950619918,2.5749999999999997,1.0837085,-0.00019055555555554579,-0.018632098765431124,2.5749999999999997,1.0823365,-0.0024772222222220991,-0.033664814814812989,2.5749999999999997,1.0734185000000001,0,0.0076222222222218161
2.5999999999999996,1.0804499999999999,0.0045733333333360304,0.15477345679012475,2.5999999999999996,1.0734185000000001,0,0.00021172839506171769,2.5999999999999996,1.0837085,-0.00076222222222218229,-0.031970987654319126,2.5999999999999996,1.082165,-0.0024772222222220839,0.016303086419752214,2.5999999999999996,1.0734185000000001,0,0.004446296296296069
2.625,1.0807930000000001,0.0053355555555577245,0.0093160493826719096,2.625,1.0734185000000001,0,0.0019055555555554599,2.625,1.0837085,-0.0024772222222220839,-0.019267283950616255,2.625,1.082165,-0.00076222222222218229,0.031547530864195684,2.625,1.0734185000000001,0,0.014609259259258515
2.6499999999999999,1.0807930000000001,0.0028583333333319573,-0.061189506172870244,2.6499999999999999,1.0734185000000001,0,0.010162962962962457,2.6499999999999999,1.083537,-0.0024772222222220991,0.019690740740739655,2.6499999999999999,1.082165,-0.00019055555555554579,0.018632098765431124,2.6499999999999999,1.0734185000000001,0.00038111111111109158,0.037052469135800702
2.6749999999999998,1.0809644999999999,-0.00095277777777773396,-0.00063518518518158407,2.6749999999999998,1.0734185000000001,0.00019055555555554579,0.033029629629628021,2.6749999999999998,1.083537,-0.00076222222222218489,0.034935185185183508,2.6749999999999998,1.082165,0,0.0069870370370366808,2.6749999999999998,1.0734185000000001,0.0015244444444443698,0.062459876543207053
2.6999999999999997,1.0806215000000001,1.2318705083780301e-15,0.18695617283947208,2.6999999999999997,1.0734185000000001,0.0011433333333332764,0.069446913580243477,2.6999999999999997,1.083537,-0.00019055555555554579,0.033029629629628014,2.6999999999999997,1.082165,0,0,2.6999999999999997,1.0734185000000001,0.0049544444444442034,0.031335802469134366
2.7249999999999996,1.0807930000000001,0.0093372222222195354,0.33558950617280187,2.7249999999999996,1.0734185000000001,0.0040016666666664643,0.084479629629625075,2.7249999999999996,1.083537,0.00038111111111109158,0.044462962962960657,2.7249999999999996,1.082165,0,-0.0069870370370366868,2.7249999999999996,1.0737615,0.0047638888888886528,-0.057166666666664
2.7499999999999996,1.0811359999999999,0.017721666666663739,0.39381481481484282,2.7499999999999996,1.07359,0.0074316666666662526,0.024983950617282299,2.7499999999999996,1.083537,0.0015244444444443646,0.065424074074070263,2.7499999999999996,1.082165,-0.00019055555555554579,-0.018632098765431107,2.7499999999999996,1.0737615,0.00076222222222218229,-0.095912962962957704
2.7749999999999999,1.0813074999999999,0.036396111111111303,0.15710246913585324,2.7749999999999999,1.073933,0.0059072222222218964,-0.058818148148144539,2.7749999999999999,1.083537,0.0049544444444441678,0.038746296296294225,2.7749999999999999,1.082165,-0.00076222222222218229,-0.031970987654319279,2.7749999999999999,1.0737615,-0.0020961111111109927,-0.05653148148147847
2.7999999999999998,1.083537,0.033347222222223527,-0.35295123456788646,2.7999999999999998,1.073933,0.0022866666666665468,-0.069235185185181361,2.7999999999999998,1.08388,0.0049544444444441981,-0.038534567901232462,2.7999999999999998,1.082165,-0.0024772222222220991,-0.019267283950616419,2.7999999999999998,1.07359,-0.0024772222222220991,0.0048697530864194255
2.8249999999999997,1.083537,0.0099088888888893816,-0.57823024691359393,2.8249999999999997,1.073933,0.0020961111111110074,-0.057166666666663722,2.8249999999999997,1.08388,0.0015244444444443685,-0.063941975308638918,2.8249999999999997,1.0819935000000001,-0.0024772222222221012,0.019055555555554691,2.8249999999999997,1.07359,-0.00076222222222218424,0.0287950617283937
2.8499999999999996,1.083537,-0.0009527777777777281,-0.59686234567902974,2.8499999999999996,1.0741045,0,-0.054414197530861443,2.8499999999999996,1.08388,0.00038111111111109158,-0.037264197530862353,2.8499999999999996,1.0819935000000001,-0.00076222222222218229,0.030488888888887473,2.8499999999999996,1.07359,-0.00019055555555554579,0.016726543209875721
2.8749999999999996,1.083537,-0.013910555555555806,-0.74782469135804064,2.8749999999999996,1.073933,-0.0017149999999999017,-0.015879629629628782,2.8749999999999996,1.08388,0,-0.014397530864196787,2.8749999999999996,1.0819935000000001,-0.00019055555555554579,0.011433333333332725,2.8749999999999996,1.07359,0,4.0958748738341202e-18
2.8999999999999999,1.0833655,-0.043065555555556634,-0.68684691358025241,2.8999999999999999,1.073933,-0.00057166666666663647,0.012703703703702862,2.8999999999999999,1.08388,0,-0.0031759259259257658,2.8999999999999999,1.0819935000000001,-0.00019055555555554579,-0.010798148148147571,2.8999999999999999,1.07359,-0.00019055555555554579,-0.017149999999999086
2.9249999999999998,1.0809644999999999,-0.057166666666667747,-0.25809691358022985,2.9249999999999998,1.073933,-0.00019055555555554579,0.0099512345679006967,2.9249999999999998,1.08388,0,-0.0019055555555554571,2.9249999999999998,1.0819935000000001,-0.00076222222222218229,-0.026254320987653124,2.9249999999999998,1.07359,-0.00076222222222218229,-0.03175925925925778
2.9499999999999997,1.0802784999999999,-0.059453333333333629,0.37179506172843574,2.9499999999999997,1.073933,0,-0.0014820987654320221,2.9499999999999997,1.08388,0,-0.0071987654320983903,2.9499999999999997,1.0819935000000001,-0.0024772222222221012,0.0010586419753084557,2.9499999999999997,1.07359,-0.0024772222222221012,-0.019267283950616405
2.9749999999999996,1.0777059999999998,-0.043446666666664753,1.1443919753086693,2.9749999999999996,1.073933,-0.00019055555555554579,-0.017573456790122535,2.9749999999999996,1.08388,-0.00019055555555554579,-0.018632098765431124,2.9749999999999996,1.0818220000000001,-0.0019055555555554618,0.067964814814811383,2.9749999999999996,1.0734185000000001,-0.0024772222222220991,0.019055555555554427
2.9999999999999996,1.0773630000000001,0.0028583333333356696,1.5513339506172459,2.9999999999999996,1.073933,-0.00076222222222218229,-0.033241358024689423,2.9999999999999996,1.08388,-0.00076222222222218229,-0.031970987654319126,2.9999999999999996,1.0818220000000001,0.0013338888888888188,0.10925185185184554,2.9999999999999996,1.0734185000000001,-0.00076222222222218229,0.030488888888885332
3.0249999999999999,1.0773630000000001,0.059453333333331755,0.9182660493826833,3.0249999999999999,1.073933,-0.0024772222222220839,-0.026466049382714657,3.0249999999999999,1.08388,-0.0024772222222220839,-0.019267283950616252,3.0249999999999999,1.0818220000000001,0.0064788888888885248,0.044462962962960595,3.0249999999999999,1.0734185000000001,-0.00019055555555554579,0.011645061728385385
3.0499999999999998,1.0813074999999999,0.076222222222221692,-0.687693827160473,3.0499999999999998,1.0737615,-0.0026677777777776453,0.00063518518518505124,3.0499999999999998,1.0837085,-0.0024772222222220991,0.019267283950616231,3.0499999999999998,1.0823365,0.0049544444444441981,-0.069870370370366711,3.0499999999999998,1.0734185000000001,-0.0001905555555557925,-0.010162962962984948
3.0749999999999997,1.083537,0.0059072222222241524,-1.5718716049382779,3.0749999999999997,1.0737615,-0.0015244444444443685,0,3.0749999999999997,1.0837085,-0.00076222222222218424,0.031970987654319459,3.0749999999999997,1.082165,-0.00019055555555554855,-0.075163580246909945,3.0749999999999997,1.0734185000000001,-0.00076222222222317119,-0.024137037037069636
3.0999999999999996,1.0807930000000001,-0.04135055555555598,-0.94028580246916826,3.0999999999999996,1.0737615,-0.0026677777777776453,-0.00063518518518505124,3.0999999999999996,1.0837085,-0.00019055555555554579,0.018632098765431176,3.0999999999999996,1.082165,-0.00019055555555554495,-0.023713580246912318,3.0999999999999996,1.0734185000000001,-0.002286666666669514,-0.0031759259259339493
3.1249999999999996,1.0804499999999999,-0.0478294444444455,0.088079012345667104,3.1249999999999996,1.07359,-0.0024772222222220839,0.02625432098765294,3.1249999999999996,1.0837085,0,0.0071987654320983937,3.1249999999999996,1.082165,-0.00019055555555554579,-0.0029641975308640676,3.1249999999999996,1.0732469999999998,-0.0019055555555579147,0.054202469135850972
3.1499999999999999,1.078049,-0.031822777777778942,0.87295617283951998,3.1499999999999999,1.07359,-0.00076222222222218229,0.031970987654319126,3.1499999999999999,1.0837085,0,0.0014820987654320238,3.1499999999999999,1.082165,0,0.0027524691358023178,3.1499999999999999,1.0732469999999998,0.0015244444444458374,0.075163580246958503
3.1749999999999998,1.0777059999999998,0.020961111111110597,0.66376851851857466,3.1749999999999998,1.07359,-0.00019055555555554579,0.011645061728394459,3.1749999999999998,1.0837085,0,0.00021172839506171769,3.1749999999999998,1.082165,0,0.00084691358024686881,3.1749999999999998,1.0734185000000001,0.0020961111111117412,0.076010493827172579
3.1999999999999997,1.0804499999999999,0.024581666666669933,-0.3135697530863964,3.1999999999999997,1.07359,-0.00019055555555554525,-0.011221604938271028,3.1999999999999997,1.0837085,0,0.00042345679012343408,3.1999999999999997,1.082165,0,0,3.1999999999999997,1.0732469999999998,0.0057166666666673737,0.052296913580262394
3.2249999999999996,1.0806215000000001,-0.025343888888886935,-0.22040925925930596,3.2249999999999996,1.07359,-0.00076222222222218229,-0.029006790123455233,3.2249999999999996,1.0837085,0,0.0029641975308640437,3.2249999999999996,1.082165,0,-0.0014820987654320219,3.2249999999999996,1.0737615,0.0068600000000021292,-0.043192592592596397
3.2499999999999996,1.0775345000000001,-0.019055555555556141,0.94388518518512254,3.2499999999999996,1.07359,-0.0024772222222220839,-0.011433333333332551,3.2499999999999996,1.0837085,0,0.014397530864196781,3.2499999999999996,1.082165,0,-0.0074104938271601058,3.2499999999999996,1.0737615,0.0020961111111117412,-0.085750000000021753
3.2749999999999999,1.0778775,0.048401111111108654,1.1403691358024457,3.2749999999999999,1.0734185000000001,-0.0022866666666665381,0.041075308641972966,3.2749999999999999,1.0837085,0.00038111111111109158,0.037264197530862221,3.2749999999999999,1.082165,-0.00019055555555554579,-0.019902469135801414,3.2749999999999999,1.0737615,0.0005716666666668841,-0.057378395061742082
3.2999999999999998,1.0809644999999999,0.080223888888887623,-0.22654938271602817,3.2999999999999998,1.0734185000000001,0,0.079821604938267551,3.2999999999999998,1.0837085,0.0015244444444443646,0.063941975308639001,3.2999999999999998,1.082165,-0.00076222222222218229,-0.03768765432098585,3.2999999999999998,1.0737615,-0.00019055555555554579,-0.038958024691363759
3.3249999999999997,1.0837085,0.039826111111111166,-1.7143648148148067,3.3249999999999997,1.0734185000000001,0.0026677777777776462,0.0823623456790082,3.3249999999999997,1.0837085,0.0049544444444442025,0.038322839506171096,3.3249999999999997,1.082165,-0.0026677777777776462,-0.030700617283949159,3.3249999999999997,1.0737615,-0.00076222222222218424,-0.036205555555555449
3.3499999999999996,1.08388,-0.038111111111112171,-1.9106370370370229,3.3499999999999996,1.07359,0.0041922222222220097,0.070717283950613344,3.3499999999999996,1.0840514999999999,0.0049544444444441981,-0.040016666666664862,3.3499999999999996,1.0819935000000001,-0.0030488888888887361,0.0057166666666665479,3.3499999999999996,1.0737615,-0.0024772222222220991,-0.019902469135801657
3.3749999999999996,1.0813074999999999,-0.094896666666666518,-0.57441913580242498,3.3749999999999996,1.07359,0.0064788888888885317,0.041498765432096088,3.3749999999999996,1.0840514999999999,0.0015244444444443646,-0.071140740740736952,3.3749999999999996,1.0819935000000001,-0.0024772222222220839,0.043404320987652005,3.3749999999999996,1.07359,-0.0024772222222220839,0.019267283950616252
3.3999999999999999,1.0768484999999999,-0.067075555555553099,0.85834691358026316,3.3999999999999999,1.073933,0.0076222222222217979,-0.030488888888886928,3.3999999999999999,1.0840514999999999,0.00019055555555554579,-0.055896296296293335,3.3999999999999999,1.0818220000000001,-0.00019055555555554579,0.051449999999997088,3.3999999999999999,1.07359,-0.00076222222222218229,0.031970987654319126
3.4249999999999998,1.0775345000000001,-0.016768888888886755,1.062453086419725,3.4249999999999998,1.0741045,0.0041922222222220097,-0.071987654320983724,3.4249999999999998,1.0840514999999999,-0.00076222222222218229,-0.046368518518516304,3.4249999999999998,1.0819935000000001,0.0015244444444443715,0.0088925925925920912,3.4249999999999998,1.07359,-0.00019055555555554579,0.018632098765431124
3.4499999999999997,1.0773630000000001,-0.0062883333333342527,0.84310246913578168,3.4499999999999997,1.0741045,0.001905555555555459,-0.040228395061726312,3.4499999999999997,1.0840514999999999,-0.0024772222222221012,-0.02223148148148045,3.4499999999999997,1.0819935000000001,0,-0.022231481481480589,3.4499999999999997,1.07359,0,0.0071987654320983903
3.4749999999999996,1.0768484999999999,0.013720000000000275,0.85390061728395983,3.4749999999999996,1.0741045,0.0026677777777776453,-0.021384567901233553,3.4749999999999996,1.08388,-0.0024772222222220991,0.018843827160492984,3.4749999999999996,1.0819935000000001,-0.0015244444444443715,0.015667901234567058,3.4749999999999996,1.07359,0,0.0012703703703703039
3.4999999999999996,1.0775345000000001,0.045161666666668598,0.53800185185181293,3.4999999999999996,1.074276,0.0022866666666665381,-0.049544444444441831,3.4999999999999996,1.08388,-0.00076222222222218229,0.031970987654319279,3.4999999999999996,1.0818220000000001,0.00038111111111109158,0.068811728395057878,3.4999999999999996,1.07359,0,-0.0012703703703703063
3.5249999999999999,1.0797640000000002,0.052783888888886694,-0.16980617283956301,3.5249999999999999,1.074276,0,-0.073046296296292251,3.5249999999999999,1.08388,-0.00019055555555554579,0.01842037037036939,3.5249999999999999,1.0819935000000001,0.0032394444444442659,0.069446913580243172,3.5249999999999999,1.07359,0,-0.0071987654320983937
3.5499999999999998,1.0809644999999999,0.029726666666663192,-0.61295370370370039,3.5499999999999998,1.074276,-0.0024772222222220991,-0.05674320987654044,3.5499999999999998,1.08388,0,0.0057166666666663814,3.5499999999999998,1.0819935000000001,0.0053355555555552889,0.012068518518518164,3.5499999999999998,1.07359,-0.00019055555555554579,-0.018632098765431176
3.5749999999999997,1.0811359999999999,0.0078127777777766364,-0.46728456790119272,3.5749999999999997,1.0741045,-0.0032394444444442858,-0.019902469135801442,3.5749999999999997,1.08388,0,-0.0057166666666663675,3.5749999999999997,1.0823365,0.0045733333333331091,-0.070505555555552282,3.5749999999999997,1.07359,-0.00076222222222218424,-0.031970987654319459
3.5999999999999996,1.0811359999999999,-0.0024772222222221156,0.04785061728398473,3.5999999999999996,1.0741045,-0.0032394444444442815,0.0092948765432096254,3.5999999999999996,1.08388,-0.00019055555555554579,-0.018420370370369407,3.5999999999999996,1.0823365,-0.0003811111111110983,-0.075798765432095155,3.5999999999999996,1.07359,-0.0024772222222220991,-0.018843827160492793
3.6249999999999996,1.0804499999999999,0.0097183333333338198,0.51894629629631173,3.6249999999999996,1.073933,-0.0026677777777776297,0.037687654320985649,3.6249999999999996,1.08388,-0.00076222222222218229,-0.031970987654319126,3.6249999999999996,1.082165,-0.00038111111111109076,-0.033453086419751317,3.6249999999999996,1.0734185000000001,-0.0024772222222220839,0.022231481481480301
3.6499999999999999,1.0809644999999999,0.043637222222222986,0.1782753086419806,3.6499999999999999,1.073933,-0.00076222222222218229,0.038958024691355793,3.6499999999999999,1.08388,-0.0024772222222220839,-0.019267283950616255,3.6499999999999999,1.0823365,-0.00076222222222218229,-0.028371604938270126,3.6499999999999999,1.0734185000000001,-0.00076222222222218229,0.046368518518515915
3.6749999999999998,1.0837085,0.036967777777778904,-0.9097969135802586,3.6749999999999998,1.073933,-0.00019055555555554579,0.018632098765431124,3.6749999999999998,1.0837085,-0.0024772222222220991,0.019267283950616221,3.6749999999999998,1.082165,-0.0020961111111110087,-0.015879629629628893,3.6749999999999998,1.0734185000000001,0.00019055555555554579,0.055896296296293536
3.6999999999999997,1.083537,-0.0057166666666666156,-1.8206524691358241,3.6999999999999997,1.073933,0,0.00021172839506171769,3.6999999999999997,1.0837085,-0.00076222222222218489,0.031970987654319459,3.6999999999999997,1.082165,-0.0013338888888888237,-0.013338888888888281,3.6999999999999997,1.0734185000000001,0.0015244444444443698,0.071140740740737479
3.7249999999999996,1.08388,-0.067266111111111776,-2.0243351851851794,3.7249999999999996,1.073933,-0.00019055555555554579,-0.017149999999999121,3.7249999999999996,1.0837085,-0.00019055555555554579,0.018632098765431218,3.7249999999999996,1.082165,-0.0026677777777776475,-0.013338888888888222,3.7249999999999996,1.0734185000000001,0.0049544444444442034,0.039804938271603064
3.7499999999999996,1.0809644999999999,-0.14615611111111029,-0.70569074074070892,3.7499999999999996,1.073933,-0.00076222222222218229,-0.031759259259257551,3.7499999999999996,1.0837085,0,0.0071987654320984128,3.7499999999999996,1.0819935000000001,-0.0026677777777776453,0.0080456790123454424,3.7499999999999996,1.0737615,0.0049544444444441981,-0.039804938271603162
3.7749999999999995,1.0737615,-0.12138388888888636,1.2748166666666634,3.7749999999999995,1.073933,-0.0024772222222220839,-0.019267283950616092,3.7749999999999995,1.0837085,0,0.0019055555555554588,3.7749999999999995,1.0819935000000001,-0.0015244444444443646,0.0088925925925922942,3.7749999999999995,1.0737615,0.0015244444444443646,-0.071140740740736952
3.7999999999999998,1.0734185000000001,-0.039254444444443613,1.7306679012345343,3.7999999999999998,1.0737615,-0.0024772222222220839,0.019267283950616096,3.7999999999999998,1.0837085,0,0.0031759259259257575,3.7999999999999998,1.0819935000000001,-0.0024772222222220839,0.021172839506171725,3.7999999999999998,1.0737615,0.00019055555555554579,-0.055896296296293335
3.8249999999999997,1.07359,-0.010480555555555276,1.1708580246913307,3.8249999999999997,1.0737615,-0.00076222222222218229,0.031970987654319279,3.8249999999999997,1.0837085,0,0.014397530864196761,3.8249999999999997,1.0818220000000001,-0.0017149999999999171,0.072834567901230884,3.8249999999999997,1.0737615,-0.00076222222222218229,-0.046368518518516304
3.8499999999999996,1.0730755000000001,0.0091466666666662044,0.70590246913577681,3.8499999999999996,1.0737615,-0.00019055555555554525,0.018632098765431135,3.8499999999999996,1.0837085,0.00038111111111109049,0.03726419753086227,3.8499999999999996,1.0818220000000001,0.0020961111111110074,0.08956111111110672,3.8499999999999996,1.0737615,-0.0024772222222221012,-0.02223148148148045
3.8749999999999996,1.0737615,0.026296666666665348,0.13233024691356715,3.8749999999999996,1.0737615,0,0.0071987654320983807,3.8749999999999996,1.0837085,0.0015244444444443646,0.063941975308638557,3.8749999999999996,1.0819935000000001,0.003811111111110918,0.060977777777774418,3.8749999999999996,1.07359,-0.0024772222222220991,0.018843827160492984
3.8999999999999995,1.074619,0.028964444444442527,-0.72644012345676456,3.8999999999999995,1.0737615,0,0.0021172839506171711,3.8999999999999995,1.0837085,0.0049544444444441678,0.038534567901232185,3.8999999999999995,1.0819935000000001,0.0057166666666663502,0.0021172839506168649,3.8999999999999995,1.07359,-0.00076222222222218229,0.031759259259257558
3.9249999999999998,1.0768484999999999,-0.021723333333332873,-1.0203191358024291,3.9249999999999998,1.0737615,0,0.0044462962962960604,3.9249999999999998,1.0840514999999999,0.0049544444444441678,-0.038746296296293906,3.9249999999999998,1.0823365,0.0047638888888886224,-0.080033333333328738,3.9249999999999998,1.07359,-0.00019055555555554579,0.017149999999999086
3.9499999999999997,1.0734185000000001,-0.064788888888887952,0.21003456790124028,3.9499999999999997,1.0737615,0,0.020114197530863132,3.9499999999999997,1.0840514999999999,0.0015244444444443646,-0.065424074074070568,3.9499999999999997,1.0823365,0.00038111111111109158,-0.1041703703703651,3.9499999999999997,1.07359,0,1.7588168575875989e-17
3.9749999999999996,1.070846,-0.010289999999999517,1.4291666666666518,3.9749999999999996,1.0737615,0.0005716666666666356,0.048697530864195086,3.9749999999999996,1.0840514999999999,0.00038111111111109049,-0.044462962962960685,3.9749999999999996,1.0823365,-0.0032394444444442893,-0.027948148148146723,3.9749999999999996,1.07359,-0.00019055555555554525,-0.017149999999999145
3.9999999999999996,1.0730755000000001,0.044399444444444471,1.2978950617283564,3.9999999999999996,1.0737615,0.0020961111111110022,0.077280864197526875,3.9999999999999996,1.0840514999999999,-0.00019055555555554636,-0.033029629629627986,3.9999999999999996,1.0819935000000001,-0.00076222222222218283,0.049332716049380367,3.9999999999999996,1.07359,-0.00076222222222218283,-0.031759259259257634
4.0249999999999995,1.0741045,0.066122777777775227,0.57695987654318603,4.0249999999999995,1.0737615,0.0066694444444440754,0.025830864197529436,4.0249999999999995,1.0840514999999999,-0.00076222222222218489,-0.035146913580245055,4.0249999999999995,1.0823365,0.0015244444444443544,0.045733333333330996,4.0249999999999995,1.07359,-0.0024772222222220865,-0.019267283950616242
4.0499999999999998,1.0766769999999999,0.068981111111108856,-0.14079938271601758,4.0499999999999998,1.074276,0.0049544444444441981,-0.077069135802465258,4.0499999999999998,1.0840514999999999,-0.0024772222222220991,-0.020961111111110084,4.0499999999999998,1.082165,0.00057166666666662888,0.055472839506170324,4.0499999999999998,1.0734185000000001,-0.0024772222222220991,0.019055555555554309
4.0749999999999993,1.0777059999999998,0.057357222222222469,-0.7266518518518077,4.0749999999999993,1.0741045,-0.00019055555555555761,-0.076857407407403558,4.0749999999999993,1.08388,-0.0024772222222220965,0.013338888888888302,4.0749999999999993,1.082165,0.0057166666666663883,0.010162962962962452,4.0749999999999993,1.0734185000000001,-0.00076222222222217979,0.03048888888888546
4.0999999999999996,1.0799354999999999,0.030298333333334412,-1.0493259259259025,4.0999999999999996,1.0741045,-0.00019055555555554855,-0.025407407407406029,4.0999999999999996,1.08388,-0.00095277777777772951,0.018843827160492665,4.0999999999999996,1.0826795,0.0026677777777776197,-0.080033333333328419,4.0999999999999996,1.0734185000000001,-0.00019055555555554525,0.011856790123447028
4.125,1.0799354999999999,-0.015816111111110101,-0.56849074074075967,4.125,1.0741045,-0.00019055555555554636,-0.010162962962962404,4.125,1.08388,-0.00076222222222218034,-0.003387654320987565,4.125,1.0823365,-0.0013338888888888244,-0.060342592592589443,4.125,1.0734185000000001,-0.00019055555555579304,-0.0084691358024909531
4.1499999999999995,1.0778775,-0.015625555555556548,0.48782222222221677,4.1499999999999995,1.0741045,-0.00019055555555554525,-0.015879629629628824,4.1499999999999995,1.08388,-0.0019055555555554625,-0.0059283950617280562,4.1499999999999995,1.082508,-0.0019055555555554657,0.013762345679011875,4.1499999999999995,1.0734185000000001,-0.00076222222222317119,-0.016091358024722849
4.1749999999999998,1.0777059999999998,0.034109444444443783,0.6601691358025138,4.1749999999999998,1.0741045,-0.00076222222222218424,-0.031124074074072524,4.1749999999999998,1.0837085,-0.00095277777777772951,-0.010374691358023921,4.1749999999999998,1.082165,0.0003811111111110938,0.053779012345676697,4.1749999999999998,1.0734185000000001,-0.0020961111111139717,0.018208641975306691
4.1999999999999993,1.0809644999999999,0.040397777777780919,0.014185802469158413,4.1999999999999993,1.0741045,-0.0024772222222220973,-0.019055555555554372,4.1999999999999993,1.08388,-0.0015244444444443607,-0.036840740740738433,4.1999999999999993,1.082508,0.0034299999999998342,-0.0019055555555554391,4.1999999999999993,1.0732469999999998,-0.00095277777777995722,0.083209259259321058
4.2249999999999996,1.0806215000000001,0.016768888888891276,-0.12195555555560704,4.2249999999999996,1.073933,-0.0024772222222220713,0.019267283950616113,4.2249999999999996,1.0837085,-0.004382777777777503,-0.0061401234567896416,4.2249999999999996,1.082508,0.0003811111111110938,-0.063518518518514644,4.2249999999999996,1.0732469999999998,0.0041922222222241781,0.070505555555617647
4.25,1.0807930000000001,0.022485555555553403,0.084691358024647181,4.25,1.073933,-0.00076222222222218034,0.031970987654319161,4.25,1.083537,-0.0028583333333331851,0.058437037037033644,4.25,1.082508,-0.0020961111111110048,-0.043192592592590527,4.25,1.07359,0.0047638888888916087,-0.019902469135801827
4.2749999999999995,1.0813074999999999,0.038682777777776158,-0.25746172839503734,4.2749999999999995,1.073933,-0.00019055555555554525,0.018632098765431086,4.2749999999999995,1.083537,-0.00019055555555554525,0.076857407407403613,4.2749999999999995,1.0823365,-0.0024772222222221012,0.0076222222222218639,4.2749999999999995,1.07359,0.0015244444444453553,-0.056743209876572449
4.2999999999999998,1.0837085,0.022104444444445353,-0.95468333333329924,4.2999999999999998,1.073933,0,0.0071987654320983642,4.2999999999999998,1.083537,0.0022866666666665563,0.043827777777775613,4.2999999999999998,1.0823365,-0.00076222222222218424,0.029430246913578904,4.2999999999999998,1.07359,0.00038111111111133715,-0.035782098765452547
4.3249999999999993,1.083537,-0.032013333333331763,-0.84204382716049475,4.3249999999999993,1.073933,0,0.0014820987654320175,4.3249999999999993,1.0837085,0.0024772222222220973,-0.01037469135802427,4.3249999999999993,1.0823365,-0.00019055555555554636,0.018208641975307732,4.3249999999999993,1.07359,0,-0.014185802469144129
4.3499999999999996,1.0807930000000001,-0.041541111111110772,0.049544444444417468,4.3499999999999996,1.073933,0,0.00021172839506171644,4.3499999999999996,1.0837085,0.00076222222222218424,-0.027312962962961304,4.3499999999999996,1.0823365,0,0.0071987654320983877,4.3499999999999996,1.07359,0,-0.00317592592592768
4.375,1.0804499999999999,-0.014101111111111326,0.48337592592590073,4.375,1.073933,0,-0.00021172839506171891,4.375,1.0837085,0.00019055555555554636,-0.004022839506172644,4.375,1.0823365,0,0.0014820987654320255,4.375,1.07359,0,-0.001905555555555727
4.3999999999999995,1.0807930000000001,-0.0041922222222229915,0.44844074074071516,4.3999999999999995,1.073933,0,-0.0014820987654320262,4.3999999999999995,1.0837085,0.00038111111111109049,0.030065432098763948,4.3999999999999995,1.0823365,0,0.00021172839506171769,4.3999999999999995,1.07359,0,-0.0071987654320983642
4.4249999999999998,1.0804499999999999,0.00095277777777549226,0.53228518518518653,4.4249999999999998,1.073933,0,-0.007198765432098418,4.4249999999999998,1.0837085,0.0015244444444443685,0.062459876543206776,4.4249999999999998,1.0823365,0,-0.00021172839506171769,4.4249999999999998,1.07359,-0.00019055555555554525,-0.018632098765431086
4.4499999999999993,1.0802784999999999,0.022104444444443535,0.49396234567904185,4.4499999999999993,1.073933,-0.00019055555555554636,-0.018632098765431163,4.4499999999999993,1.0837085,0.0049544444444441947,0.038322839506170471,4.4499999999999993,1.0823365,0,-0.0014820987654320255,4.4499999999999993,1.07359,-0.00076222222222218034,-0.031970987654319161
4.4749999999999996,1.0813074999999999,0.045161666666666593,-0.24899259259256415,4.4749999999999996,1.073933,-0.00076222222222218424,-0.031970987654319084,4.4749999999999996,1.0840514999999999,0.0049544444444441426,-0.038746296296293947,4.4749999999999996,1.0823365,0,-0.0071987654320983877,4.4749999999999996,1.07359,-0.0024772222222220713,-0.019267283950616113
4.5,1.0837085,0.023057222222223329,-1.3787753086419696,4.5,1.073933,-0.0024772222222220973,-0.019267283950616401,4.5,1.0840514999999999,0.0015244444444443607,-0.065424074074070346,4.5,1.0823365,-0.00019055555555554636,-0.017996913580246011,4.5,1.0734185000000001,-0.0024772222222220973,0.019267283950616092
4.5249999999999995,1.08388,-0.049163333333333399,-1.512375925925934,4.5249999999999995,1.0737615,-0.0024772222222221012,0.019690740740739811,4.5249999999999995,1.0840514999999999,0.00038111111111109049,-0.044462962962960539,4.5249999999999995,1.0823365,-0.00076222222222218424,-0.027524691358023445,4.5249999999999995,1.0734185000000001,-0.00076222222222218424,0.031970987654319404
4.5499999999999998,1.0802784999999999,-0.086512222222221713,-0.33749506172839289,4.5499999999999998,1.0737615,-0.00076222222222218424,0.034935185185183557,4.5499999999999998,1.0840514999999999,-0.00019055555555554525,-0.03302962962962782,4.5499999999999998,1.0823365,-0.0024772222222221012,0.0023290123456788762,4.5499999999999998,1.0734185000000001,-0.00019055555555554525,0.018632098765431187
4.5749999999999993,1.078049,-0.065169999999999853,0.89899876543210633,4.5749999999999993,1.0737615,-0.00019055555555554636,0.033241358024689666,4.5749999999999993,1.0840514999999999,-0.00076222222222218034,-0.034935185185183203,4.5749999999999993,1.082165,-0.0019055555555554582,0.075163580246909889,4.5749999999999993,1.0734185000000001,0,0.0069870370370364076
4.5999999999999996,1.0766769999999999,-0.021913888888887869,1.3662833333333253,4.5999999999999996,1.0737615,0.00038111111111109049,0.045945061728392522,4.5999999999999996,1.0840514999999999,-0.0024772222222220713,-0.019690740740739548,4.5999999999999996,1.082165,0.0015244444444443685,0.12767222222221464,4.5999999999999996,1.0734185000000001,0,-1.9188872616642756e-15
4.625,1.0770200000000001,0.020389444444445619,1.0105796296296028,4.625,1.0737615,0.0015244444444443607,0.072622839506169365,4.625,1.08388,-0.0024772222222220973,0.019267283950616092,4.625,1.082165,0.0072411111111107462,0.074951851851848356,4.625,1.0734185000000001,0,-0.0063518518518605712
4.6499999999999995,1.078049,0.042112777777776479,0.077069135802442568,4.6499999999999995,1.0737615,0.0051449999999997479,0.057378395061725797,4.6499999999999995,1.08388,-0.00076222222222218424,0.031970987654319404,4.6499999999999995,1.0826795,0.0074316666666663046,-0.057801851851849079,4.6499999999999995,1.0734185000000001,-0.00019055555555579193,-0.014185802469157309
4.6749999999999998,1.0801069999999999,0.024581666666665471,-0.80880246913579601,4.6749999999999998,1.0741045,0.0057166666666663875,-0.0065635802469134865,4.6749999999999998,1.08388,-0.00019055555555554525,0.018632098765431187,4.6749999999999998,1.0826795,0.0020961111111110074,-0.11306296296295761,4.6749999999999998,1.0734185000000001,-0.00076222222222317119,-0.010586419753117937
4.6999999999999993,1.0801069999999999,-0.0224855555555552,-0.77873703703702979,4.6999999999999993,1.0741045,0.0040016666666664582,-0.044674691358022857,4.6999999999999993,1.08388,0,0.0069870370370366816,4.6999999999999993,1.0826795,-0.00019055555555554126,-0.087655555555550949,4.6999999999999993,1.0734185000000001,-0.0019055555555584187,0.035146913580244556
4.7249999999999996,1.0778775,-0.031822777777778276,-0.091043209876549056,4.7249999999999996,1.074276,0.0028583333333331612,-0.056531481481478234,4.7249999999999996,1.08388,0,0,4.7249999999999996,1.0826795,-0.0024772222222220713,-0.040863580246911273,4.7249999999999996,1.0732469999999998,-0.00019055555555773864,0.10798148148154135
4.75,1.0777059999999998,-0.011814444444444789,0.096971604938271935,4.75,1.074276,0.00076222222222218034,-0.046368518518515943,4.75,1.08388,0,-0.0069870370370366816,4.75,1.082508,-0.0024772222222220973,0.014820987654320016,4.75,1.0732469999999998,0.0064788888888907869,0.071140740740803537
4.7749999999999995,1.0778775,-0.011052222222222635,-0.27143580246913313,4.7749999999999995,1.074276,0.00019055555555554525,-0.021808024691356842,4.7749999999999995,1.08388,-0.00019055555555554525,-0.018632098765431187,4.7749999999999995,1.082508,-0.00076222222222218424,0.031335802469134248,4.7749999999999995,1.0737615,0.0064788888888915363,-0.071140740740738395
4.7999999999999998,1.0777059999999998,-0.028964444444445486,-0.52614506172836251,4.7999999999999998,1.074276,0,-0.0091043209876538137,4.7999999999999998,1.08388,-0.00076222222222218424,-0.031970987654319404,4.7999999999999998,1.082508,-0.00019055555555554525,0.018632098765431187,4.7999999999999998,1.0737615,-0.00019055555555456171,-0.10798148148150866
4.8249999999999993,1.0766769999999999,-0.055642222222220171,-0.12873086419749405,4.8249999999999993,1.074276,0,-0.0086808641975304086,4.8249999999999993,1.08388,-0.0024772222222220973,-0.019267283950616092,4.8249999999999993,1.082508,0,0.0069870370370366816,4.8249999999999993,1.07359,-0.0019055555555552116,-0.035358641975329015
4.8499999999999996,1.0737615,-0.040969444444442289,0.5125944444444327,4.8499999999999996,1.074276,-0.00019055555555554525,-0.018843827160492772,4.8499999999999996,1.0837085,-0.0024772222222220713,0.019267283950616113,4.8499999999999996,1.082508,0,0,4.8499999999999996,1.07359,-0.00076222222222218424,0.0091043209876445711
4.875,1.0744475,-0.016578333333332449,0.72478864197528614,4.875,1.074276,-0.00076222222222218034,-0.032013333333331812,4.875,1.0837085,-0.00076222222222218034,0.031970987654319161,4.875,1.082508,0,-0.0070293827160490254,4.875,1.07359,-0.00019055555555554636,0.006944691358022421
4.8999999999999995,1.0734185000000001,-0.0030488888888885006,0.8053301234567759,4.8999999999999995,1.074276,-0.0024772222222221012,-0.019500185185184329,4.8999999999999995,1.0837085,-0.00019055555555554525,0.018632098765431086,4.8999999999999995,1.082508,-0.00019055555555554525,-0.019076728395060784,4.8999999999999995,1.07359,-0.00019055555555554525,-0.012513148148147793
4.9249999999999998,1.073933,0.020961111111111059,0.84920024691358176,4.9249999999999998,1.0741045,-0.0024772222222221012,0.018568580246912783,4.9249999999999998,1.0837085,0,0.0071987654320983642,4.9249999999999998,1.082508,-0.00076222222222218424,-0.034151790123455053,4.9249999999999998,1.07359,-0.00076222222222218424,-0.032669691358023022
4.9499999999999993,1.0741045,0.052250333333333947,0.43688037037037614,4.9499999999999993,1.0741045,-0.00080033333333328878,0.031187592592591126,4.9499999999999993,1.0837085,0,0.0016514814814813877,4.9499999999999993,1.082508,-0.0025153333333332059,-0.026487222222220528,4.9499999999999993,1.07359,-0.0025153333333332059,-0.026233148148146465
4.9749999999999996,1.0775345000000001,0.051640555555555946,-0.27287555555554704,4.9749999999999996,1.0741045,-0.00028583333333331699,0.02314191358024557,4.9749999999999996,1.0837085,0,0.0003175925925925737,4.9749999999999996,1.0823365,-0.0027630555555553846,0.0042980864197530531,4.9749999999999996,1.0734185000000001,-0.0027630555555553846,0.0042980864197530531
5,1.0771915000000001,0.020961111111111787,-0.82218370370368421,5,1.0741045,0,0.016557160493826096,5,1.0837085,0,0,5,1.0823365,-0.0015244444444443483,0.029684320987652304,5,1.0734185000000001,-0.0015244444444443483,0.029684320987652304
